{"cameraMode":{"drawMode":0,"name":"Shaded","section":"Shading Mode"},"sceneLighting":true,"audioPlay":false,"sceneViewState":{"showFog":true,"showMaterialUpdate":false,"showSkybox":true,"showFlares":true,"showImageEffects":true,"showParticleSystems":true},"in2DMode":false,"pivot":{"x":2.522932291030884,"y":3.0019187927246095,"z":2.7311244010925295},"rotation":{"x":0.03632316738367081,"y":0.7745339274406433,"z":0.04465075209736824,"w":-0.6299274563789368},"size":0.05759480968117714,"orthographic":false}