{"cameraMode":{"drawMode":0,"name":"Shaded","section":"Shading Mode"},"sceneLighting":true,"audioPlay":false,"sceneViewState":{"showFog":true,"showMaterialUpdate":false,"showSkybox":true,"showFlares":true,"showImageEffects":true,"showParticleSystems":true},"in2DMode":false,"pivot":{"x":2.260565757751465,"y":3.4860358238220217,"z":2.187933921813965},"rotation":{"x":0.05451333150267601,"y":0.04340919852256775,"z":0.0023788895923644306,"w":-0.9975920915603638},"size":1.2586939334869385,"orthographic":false}