{"cameraMode":{"drawMode":0,"name":"Shaded","section":"Shading Mode"},"sceneLighting":true,"audioPlay":false,"sceneViewState":{"showFog":true,"showMaterialUpdate":false,"showSkybox":true,"showFlares":true,"showImageEffects":true,"showParticleSystems":true},"in2DMode":false,"pivot":{"x":0.8303640484809876,"y":8.24631118774414,"z":6.994938373565674},"rotation":{"x":-0.16031508147716523,"y":-0.8390713334083557,"z":0.3853127956390381,"w":-0.3490280210971832},"size":1.044137954711914,"orthographic":false}